,Quantidade,Produto,Categoria,ID Venda,Preço (USD),Vendedor,Data da Venda,Filial,Dia da Venda,Mês da Venda,Ano da Venda
0,9,A002,Eletrônico,b4dd2e3d-41af-46b5-b5ba-0e61452be6e7,15.49,Christopher,2024-08-20,Filial A,20,8,2024
1,5,AL001,Alimento,c5d2dfed-edf9-4b69-babf-707b093adc70,60.9,Samuel,2024-02-08,Filial A,8,2,2024
2,4,A003,Eletrônico,04f1e5a8-605d-422a-8a33-97a1084bd152,69.94,Tracy,2024-05-10,Filial A,10,5,2024
3,7,AL003,Alimento,dd809921-448d-41b1-88f0-b5823aed279d,97.18,Deborah,2024-08-24,Filial A,24,8,2024
4,17,A003,Eletrônico,6977c66f-331b-4f6d-8055-d2a04d2e3818,74.46,Elizabeth,2024-03-16,Filial A,16,3,2024
5,18,M002,Mobiliário,eeb3a3d4-fee3-473c-9d06-4129419457c1,11.0,Terry,2024-07-15,Filial A,15,7,2024
6,17,AL004,Alimento,4b67cf55-0663-4958-9e4d-5148924c6ffa,79.12,Bryan,2024-09-12,Filial A,12,9,2024
7,15,AL003,Alimento,1c616706-9ba8-4284-9d34-b7f17394e8c9,59.39,Christopher,2024-05-15,Filial A,15,5,2024
8,9,AL003,Alimento,e473fdf2-396f-4e90-8b45-9765450c1cf8,26.26,Yolanda,2024-01-08,Filial A,8,1,2024
9,1,M001,Mobiliário,9b389d94-7f43-4539-b3e6-9b204390f594,54.44,Ashley,2024-09-30,Filial A,30,9,2024
10,11,V001,Vestuário,0eeb68a8-b667-47e4-a04e-e35ebc6c0ed5,71.47,Margaret,2024-07-12,Filial A,12,7,2024
11,14,M003,Mobiliário,8e5bd5c2-ecfd-4dea-ae01-81881e07b030,11.89,Sarah,2024-06-09,Filial A,9,6,2024
12,13,M004,Mobiliário,9fc571d4-7a7e-4732-8b1a-ebe47be81706,42.86,Angela,2024-09-30,Filial A,30,9,2024
13,16,AL002,Alimento,18804737-6ddd-4102-a759-5ada0eeae181,75.4,Samuel,2024-05-04,Filial A,4,5,2024
14,12,V003,Vestuário,eec2fc94-2b3c-4345-9b5b-741023c8890a,85.45,Marc,2024-07-11,Filial A,11,7,2024
15,11,AL002,Alimento,763df8b7-da2d-4139-9321-a21f14bb7444,43.69,Amy,2024-10-09,Filial A,9,10,2024
16,10,AL001,Alimento,d2b75c99-13d4-431e-bcb7-11f70c60e5d6,75.03,Kathy,2024-05-04,Filial A,4,5,2024
17,1,V001,Vestuário,f72693b2-f4d8-4a52-bc29-1776667e89c1,56.26,Michael,2024-05-08,Filial A,8,5,2024
18,19,V002,Vestuário,fc361838-2ff8-4b0d-b27d-82b268a3b30e,87.1,Paul,2024-06-23,Filial A,23,6,2024
19,19,AL004,Alimento,ff1e5365-f873-48bf-becf-62cdc2ea9589,13.01,Jason,2024-06-01,Filial A,1,6,2024
20,13,M003,Mobiliário,0956e02a-764f-4143-ad2d-0eae27e83bcc,90.44,Angela,2024-02-27,Filial A,27,2,2024
21,17,A004,Eletrônico,bc350ee3-5464-4690-b26f-c41c78723ef9,70.64,Carrie,2024-08-06,Filial A,6,8,2024
22,8,V003,Vestuário,1299b1b2-4e0d-4523-b18f-afd4ef8ab35d,52.34,Bruce,2024-05-28,Filial A,28,5,2024
23,6,A004,Eletrônico,aad7b155-21ea-4b2e-acba-df755e710183,49.51,Melissa,2024-07-24,Filial A,24,7,2024
24,6,AL003,Alimento,b80650ce-fbf0-4bb2-a225-0c1d312bc7ea,80.7,Tiffany,2024-04-04,Filial A,4,4,2024
25,12,AL004,Alimento,4712297b-b942-4d05-96f4-3326e7cd9326,48.14,Lisa,2024-03-29,Filial A,29,3,2024
26,15,AL003,Alimento,33d81380-a90c-4123-8d54-dcf37518c8b7,44.76,Kari,2024-05-31,Filial A,31,5,2024
27,16,V002,Vestuário,231d21ac-9808-4fd6-b1a0-dbb4e982a570,41.08,John,2024-05-18,Filial A,18,5,2024
28,9,M001,Mobiliário,78456023-8099-4f40-b3b0-0706948813e8,61.12,Madison,2024-04-29,Filial A,29,4,2024
29,1,AL003,Alimento,38960051-7041-42a9-8afa-9864b305fb08,32.58,Morgan,2024-06-22,Filial A,22,6,2024
30,18,M002,Mobiliário,3a0a0d16-4c46-49a4-a781-002f6c31ae7a,88.51,Krystal,2024-04-09,Filial A,9,4,2024
31,19,AL001,Alimento,daed7590-ed7f-43d5-84ad-869c0107eb07,59.39,Suzanne,2024-03-21,Filial A,21,3,2024
32,11,AL004,Alimento,d1afaef5-d4a0-4ad6-8765-b3fa9e43e9af,83.37,Gina,2024-03-20,Filial A,20,3,2024
33,14,M001,Mobiliário,f9aa538b-89be-419a-b926-c2b56fd99177,68.36,Sarah,2024-04-28,Filial A,28,4,2024
34,16,M003,Mobiliário,970b50ea-b189-46a4-8d27-e5bff56f211c,41.83,Nicholas,2024-03-01,Filial A,1,3,2024
35,18,AL001,Alimento,3feb458e-5b0f-4743-8c26-7591efcc0038,67.22,Francisco,2024-04-24,Filial A,24,4,2024
36,20,AL004,Alimento,368b7dd6-41a8-4eb0-b2eb-92cc99f530b5,31.2,John,2024-03-28,Filial A,28,3,2024
37,14,A004,Eletrônico,ca369f3e-c619-430a-b2b3-d0ffe4bebcda,69.01,Betty,2024-07-29,Filial A,29,7,2024
38,17,V002,Vestuário,f25121bb-1bc7-4837-b8ef-0ce67f03104a,26.3,Harold,2024-03-13,Filial A,13,3,2024
39,4,A001,Eletrônico,1b79d7dc-d25d-4a29-aeed-b188b807dea6,75.01,Cathy,2024-06-09,Filial A,9,6,2024
40,11,AL002,Alimento,4cfeadc3-d858-4d09-8976-2d349df610b5,41.22,Jeffrey,2024-06-27,Filial A,27,6,2024
41,13,M002,Mobiliário,579ea21a-7eaf-4d72-901c-62a08110616b,17.84,Alexis,2024-03-14,Filial A,14,3,2024
42,8,AL001,Alimento,32e40f7a-850b-42f8-a889-3a21d081261b,20.69,Gregory,2024-10-07,Filial A,7,10,2024
43,20,M001,Mobiliário,0fdc7cb3-2414-43ad-ad4b-70967ea2643c,47.4,Glenn,2024-08-13,Filial A,13,8,2024
44,1,AL001,Alimento,a2a64bdc-5f86-439f-bffe-b5a990b69ddd,47.38,Alexis,2024-05-20,Filial A,20,5,2024
45,13,A001,Eletrônico,b5807179-ca47-46a4-9e0f-a99424ac7458,36.43,Charlotte,2024-01-29,Filial A,29,1,2024
46,18,V002,Vestuário,1b1345f6-59eb-46ab-9030-b0b8079f6c86,15.21,Nathaniel,2024-03-16,Filial A,16,3,2024
47,16,AL003,Alimento,da4e1a95-f006-4330-badd-eb3b4e9208fb,82.53,Dana,2024-08-24,Filial A,24,8,2024
48,12,AL001,Alimento,6fbbdf4f-7949-4f42-934c-0b12a68f7ee8,71.53,Richard,2024-08-31,Filial A,31,8,2024
49,20,M003,Mobiliário,53add526-e830-49d3-bb31-cf4e582fb8af,86.78,Julie,2024-09-29,Filial A,29,9,2024
50,3,A002,Eletrônico,b44af717-2b25-4e43-91ab-1467a1f6fc78,49.01,Sarah,2024-09-16,Filial A,16,9,2024
51,7,AL001,Alimento,86a4f938-741f-4ef6-804e-984d7132d005,40.26,Terri,2024-03-16,Filial A,16,3,2024
52,4,M003,Mobiliário,7dd267b1-8d12-4281-b150-d17016fba0c9,56.74,Heather,2024-02-15,Filial A,15,2,2024
53,4,M003,Mobiliário,15e120d1-f396-4dd2-afa9-65f007f15fef,11.62,Steven,2024-08-14,Filial A,14,8,2024
54,3,V001,Vestuário,4b0dee28-cf1c-4183-9dbc-d518e4a8b882,94.14,John,2024-10-03,Filial A,3,10,2024
55,18,V001,Vestuário,3d9eb4e5-f2b2-4311-9114-5296278e1d77,36.05,Jill,2024-04-17,Filial A,17,4,2024
56,16,AL004,Alimento,5281ee3f-6834-4fc4-aac3-62f64713cf70,45.28,Cindy,2024-10-11,Filial A,11,10,2024
57,6,M002,Mobiliário,b6edfe0c-1a02-4edc-a3ce-b4d55b719bc3,55.65,Michael,2024-04-18,Filial A,18,4,2024
58,12,A003,Eletrônico,8fdaff58-f96d-4158-ad73-61d90edccc45,97.57,Elizabeth,2024-03-30,Filial A,30,3,2024
59,11,V001,Vestuário,a1dd6983-13e2-459f-bb7b-8b7ae3a948a0,46.33,Alicia,2024-01-24,Filial A,24,1,2024
60,9,A003,Eletrônico,3d77b5eb-8c35-4171-b4c2-b291d21642c4,25.81,Caleb,2024-08-29,Filial A,29,8,2024
61,8,AL002,Alimento,5525540d-4861-424c-85c6-b2c641557f9c,57.23,Danielle,2024-09-13,Filial A,13,9,2024
62,5,V001,Vestuário,706ade80-5865-4af2-8007-5a943c5d144c,69.26,Andrea,2024-04-22,Filial A,22,4,2024
63,17,AL001,Alimento,9064c3ba-3962-4fd4-8a37-85a8bac44221,31.05,Melissa,2024-07-09,Filial A,9,7,2024
64,16,M004,Mobiliário,13c93575-faa2-40da-bd6a-a3093a48a6d6,93.08,Gabrielle,2024-02-03,Filial A,3,2,2024
65,14,A003,Eletrônico,41ba3a5d-9872-4b35-9b0d-31acca6f1b5f,45.64,Daniel,2024-02-09,Filial A,9,2,2024
66,3,V002,Vestuário,13c0b1a0-cadf-4392-bcc2-7ab43ab64850,88.72,Russell,2024-09-15,Filial A,15,9,2024
67,7,AL003,Alimento,e9e5d851-8fea-4c13-9716-270b8e3e774e,55.89,Carrie,2024-06-26,Filial A,26,6,2024
68,2,AL001,Alimento,c7692157-8945-432f-93ec-7658c23420d6,42.37,David,2024-05-16,Filial A,16,5,2024
69,11,V004,Vestuário,fe2d6117-11c5-4b70-bb2c-330371a0e5d2,83.8,Michael,2024-08-23,Filial A,23,8,2024
70,9,M004,Mobiliário,9fe32298-3e52-4949-ad17-8ef4a3d4aeb8,18.56,Tina,2024-08-19,Filial A,19,8,2024
71,4,V002,Vestuário,d66810fa-68b9-4806-9e8b-f0799665ef3c,12.85,Christopher,2024-07-05,Filial A,5,7,2024
72,9,M001,Mobiliário,a831a0a0-fe0a-423f-8f04-77daecc17baa,85.6,Peter,2024-07-26,Filial A,26,7,2024
73,9,M002,Mobiliário,51cd48ca-c5d0-4956-bcf3-7dc473c1c795,33.89,Charles,2024-05-23,Filial A,23,5,2024
74,10,V002,Vestuário,c3002185-df46-41f6-9043-f901cef50f82,27.03,Michael,2024-07-01,Filial A,1,7,2024
75,1,A003,Eletrônico,d82cf16c-4564-42cf-a616-1fc125cda043,64.9,Jonathan,2024-09-19,Filial A,19,9,2024
76,4,M002,Mobiliário,d9eac716-131e-48eb-b5bb-96e7a80aded7,70.02,Jessica,2024-05-02,Filial A,2,5,2024
77,7,V003,Vestuário,08b7eb5e-32b1-4455-aa94-a682cb058d08,43.28,William,2024-07-20,Filial A,20,7,2024
78,9,M002,Mobiliário,a92f0007-c287-4263-9610-29d6fa0dea80,41.77,Louis,2024-08-05,Filial A,5,8,2024
79,4,A003,Eletrônico,7adba743-7221-4d71-98d0-98761c41d5e1,83.31,Kathleen,2024-07-11,Filial A,11,7,2024
80,4,V002,Vestuário,7126dccb-f8e1-4bc9-abbf-4f009bd311a9,78.57,Kristina,2024-06-03,Filial A,3,6,2024
81,9,M001,Mobiliário,0c6bc084-e51c-4ede-8b08-13835830acd5,32.48,Connie,2024-01-24,Filial A,24,1,2024
82,2,A003,Eletrônico,cf7f1ea9-fe74-4977-8401-71222d4eb438,16.92,Robert,2024-08-26,Filial A,26,8,2024
83,17,AL004,Alimento,13f7684c-e835-48c0-b564-f7625c72dbd8,18.13,Tina,2024-09-19,Filial A,19,9,2024
84,19,M002,Mobiliário,446a2c21-3ad0-439f-afcd-967f8779786b,70.41,Jennifer,2024-05-05,Filial A,5,5,2024
85,8,M002,Mobiliário,3a73eba8-32eb-404d-a90d-74a4b0017e1d,43.18,Shelley,2024-06-28,Filial A,28,6,2024
86,9,M001,Mobiliário,c96dd065-4f56-4def-a81b-b30ae5e83b14,43.8,Benjamin,2024-01-04,Filial A,4,1,2024
87,12,V001,Vestuário,0921fa48-276d-4556-b1b8-a4e39fc14950,58.81,Michael,2024-03-13,Filial A,13,3,2024
88,19,A002,Eletrônico,bd2f2173-3fc7-4a24-94d9-8530a816cfaf,64.97,Renee,2024-06-05,Filial A,5,6,2024
89,4,AL001,Alimento,6b95d872-aefa-4aff-bf85-fcf4d6def6fc,10.91,Jesse,2024-04-11,Filial A,11,4,2024
90,17,M003,Mobiliário,8bb25b65-9b20-40ea-8cc3-1118ce5a2277,87.95,Kayla,2024-06-22,Filial A,22,6,2024
91,19,A002,Eletrônico,b20093e0-b62b-4f46-bf9e-0692f9d5903c,11.35,Jonathan,2024-07-01,Filial A,1,7,2024
92,10,AL002,Alimento,f91255a4-d97d-4ef4-bea2-73ec090ec5a4,46.68,Tabitha,2024-02-09,Filial A,9,2,2024
93,18,A003,Eletrônico,106ddb76-74ae-42d6-9253-48e0ef4566ef,20.46,Teresa,2024-01-26,Filial A,26,1,2024
94,14,V003,Vestuário,e10f8bc2-f3b3-4030-9613-cfe02663f717,56.34,Jill,2024-07-15,Filial A,15,7,2024
95,1,A004,Eletrônico,8ae50e93-228a-4946-a034-eed7a722d140,45.41,Lori,2024-01-30,Filial A,30,1,2024
96,11,A003,Eletrônico,d77daace-492a-4fcd-b651-78cf3804db10,21.42,Ryan,2024-01-21,Filial A,21,1,2024
97,13,M001,Mobiliário,f1e25e35-26e2-4ec5-905f-ade113bd8148,36.72,Tonya,2024-05-09,Filial A,9,5,2024
98,17,A003,Eletrônico,4373235d-899a-4199-8e98-37f04d2d9bbe,23.06,Logan,2024-05-07,Filial A,7,5,2024
99,2,V004,Vestuário,9dbc62d2-5234-4349-85df-95254308f422,77.8,Keith,2024-09-04,Filial A,4,9,2024
0,18,M002,Mobiliário,aea9244e-6b94-419f-b316-d9523ac2f06b,73.3929203539823,Ashley,2024-06-01,Filial B,1,6,2024
1,13,M002,Mobiliário,93f207d5-47fe-4b7d-ad73-9161c1b0844b,22.076106194690265,Lauren,2024-02-13,Filial B,13,2,2024
2,14,V003,Vestuário,82b2338c-6990-4e2b-b67f-1e1b4f431885,20.38053097345133,Edward,2024-04-20,Filial B,20,4,2024
3,9,AL003,Alimento,1ebacfab-0d12-4f18-96cf-04f91b4da0df,57.378761061946896,Darlene,2024-09-18,Filial B,18,9,2024
4,16,M001,Mobiliário,e69a43d7-9956-447e-a833-9491d999ad3f,58.835398230088494,Brittany,2024-09-21,Filial B,21,9,2024
5,15,V001,Vestuário,29a11d53-84d6-4638-b742-7cdd430c4c66,20.807079646017698,Margaret,2024-03-23,Filial B,23,3,2024
6,19,AL001,Alimento,89f2b7ef-2385-4f65-8276-f2231c3a8ed2,59.95398230088495,Christian,2024-04-04,Filial B,4,4,2024
7,14,V001,Vestuário,00601508-c386-4090-883e-7797a17b0b66,80.13805309734512,Laura,2024-09-21,Filial B,21,9,2024
8,13,V002,Vestuário,b9152e93-8c63-427f-a400-5161a95310ff,25.97522123893805,Barbara,2024-02-28,Filial B,28,2,2024
9,3,V001,Vestuário,5e577776-5e4b-4bbc-8f5a-bf86410f08ea,57.709734513274334,William,2024-07-16,Filial B,16,7,2024
10,1,M003,Mobiliário,bebe8082-bdd4-452b-b0a6-dc3e02d3b62f,75.85132743362831,Angela,2024-09-15,Filial B,15,9,2024
11,15,M002,Mobiliário,b11f628d-1d5c-47f3-8bc2-976721ae826a,52.35929203539823,Kelly,2024-06-14,Filial B,14,6,2024
12,3,AL002,Alimento,69c67a8d-75e8-4de0-85ad-b94e48658569,23.561061946902655,John,2024-08-17,Filial B,17,8,2024
13,20,AL003,Alimento,0956e02a-764f-4143-ad2d-0eae27e83bcc,66.51858407079645,Thomas,2024-05-27,Filial B,27,5,2024
14,17,B002,Eletrônico,dac45731-a5ad-4731-b696-b04ca422b1f9,65.83716814159293,Kaitlyn,2024-02-14,Filial B,14,2,2024
15,15,B003,Eletrônico,d21bd80a-7e7f-4f8b-9bca-328c4cd13401,34.68141592920354,Scott,2024-05-10,Filial B,10,5,2024
16,7,AL002,Alimento,22578225-0fbe-40b7-b5c1-bce358f17f68,12.851327433628319,Harry,2024-09-13,Filial B,13,9,2024
17,20,AL004,Alimento,99b38175-228a-4c79-a414-fd74c52d6cf2,32.21238938053097,Melanie,2024-10-03,Filial B,3,10,2024
18,6,AL001,Alimento,7ece2ee0-1f82-40c8-a786-c964d0abeb6c,62.92035398230088,Ann,2024-07-06,Filial B,6,7,2024
19,4,V003,Vestuário,aafc247e-d4b8-43b1-87ba-19c19aff21ce,79.90973451327433,Amanda,2024-06-03,Filial B,3,6,2024
20,3,AL004,Alimento,e45a0fbb-3c8e-4ac0-9025-08d5a26dc720,20.71858407079646,Janet,2024-06-01,Filial B,1,6,2024
21,12,B003,Eletrônico,e220a51a-12d6-4f19-a5ae-c66b0f62ef92,51.573451327433624,Walter,2024-02-23,Filial B,23,2,2024
22,16,M003,Mobiliário,5b409135-fab5-405c-881d-85514364c874,18.58230088495575,Laura,2024-02-19,Filial B,19,2,2024
23,2,V003,Vestuário,fc179cb5-c5a5-4374-91ca-a5ad657b4eaa,15.046017699115044,Adam,2024-07-21,Filial B,21,7,2024
24,12,B004,Eletrônico,cdaa119a-1418-44a0-b6ee-2779e13ab0ff,15.484955752212388,Angela,2024-09-01,Filial B,1,9,2024
25,11,M001,Mobiliário,51261ab1-b3d6-4d9d-9945-1b091c15bc70,46.62300884955752,Robert,2024-04-21,Filial B,21,4,2024
26,6,AL002,Alimento,7a717970-4014-4be8-961d-7be893a22ac2,43.96637168141593,Karl,2024-05-25,Filial B,25,5,2024
27,12,V001,Vestuário,0731b76e-3aef-4ed9-9965-c2506de48807,11.208849557522123,Caitlin,2024-03-27,Filial B,27,3,2024
28,12,M004,Mobiliário,4be6fd21-6fb6-4eab-8b8a-7e95efc66d26,61.984070796460166,Omar,2024-08-22,Filial B,22,8,2024
29,20,B003,Eletrônico,037ca539-b1be-400c-abbb-f7efb5869c32,46.47256637168141,Darrell,2024-07-13,Filial B,13,7,2024
30,6,M004,Mobiliário,c8a67b11-764e-41fd-b16d-68256f99b3d7,60.276106194690264,Brittany,2024-04-30,Filial B,30,4,2024
31,10,M003,Mobiliário,d01a6eee-79f3-43d5-afdc-0f53275641fb,23.68849557522124,Angel,2024-03-19,Filial B,19,3,2024
32,11,M004,Mobiliário,594e7bf1-1f8b-4cb5-9ba1-285e011c8f1f,26.012389380530973,Mary,2024-08-26,Filial B,26,8,2024
33,17,M003,Mobiliário,246f3109-58f6-4fd6-ac07-cce1ecebef8e,82.8,Lee,2024-04-15,Filial B,15,4,2024
34,4,B004,Eletrônico,e8900c09-3f21-469a-b4bc-5a2d9cbc99e7,85.4212389380531,Tyler,2024-04-17,Filial B,17,4,2024
35,1,AL001,Alimento,f7a8c735-9644-45d4-bc99-36ac0bb6d6e1,28.260176991150438,David,2024-08-21,Filial B,21,8,2024
36,12,M004,Mobiliário,846d8469-89cb-4e02-b74b-e88d6c7b3e81,87.74867256637167,Jeffrey,2024-10-01,Filial B,1,10,2024
37,18,V002,Vestuário,21610c83-59ec-4d7c-99f2-56596fe638ee,49.610619469026545,Mary,2024-05-15,Filial B,15,5,2024
38,13,AL003,Alimento,5849e601-98f7-42c4-8887-066d4c3110b4,56.08849557522123,Mark,2024-03-18,Filial B,18,3,2024
39,13,V002,Vestuário,7f8c887c-c4e5-4a7b-9502-6d62951df9fc,49.90619469026549,Robert,2024-07-11,Filial B,11,7,2024
40,19,V001,Vestuário,00f9618f-d2a7-4838-9f08-ab990147385e,21.66371681415929,Shannon,2024-10-01,Filial B,1,10,2024
41,20,AL001,Alimento,531dc6fe-4e49-408d-9afa-341c80594c94,77.30088495575221,Tina,2024-09-05,Filial B,5,9,2024
42,8,AL003,Alimento,3b379ad2-317d-46c3-9294-6a9161779ce1,75.64424778761061,Anthony,2024-02-01,Filial B,1,2,2024
43,18,B003,Eletrônico,62cbb86d-7ac3-4071-9017-cdea06ae7484,84.59469026548672,Andrew,2024-10-04,Filial B,4,10,2024
44,16,V004,Vestuário,906a01c7-7ca3-40a0-bc9f-e59a779bae93,33.1716814159292,Nicholas,2024-02-02,Filial B,2,2,2024
45,13,V001,Vestuário,d2289ebf-715f-4eff-8c78-6a73135b679b,53.1858407079646,Kelly,2024-04-11,Filial B,11,4,2024
46,6,AL004,Alimento,d20f9f72-f5d8-4c19-b17d-e7f35dab50d8,64.9575221238938,Scott,2024-01-31,Filial B,31,1,2024
47,8,V004,Vestuário,1ad3f9bb-3cc0-4905-8cde-613cffe0adb9,57.68495575221239,Benjamin,2024-09-13,Filial B,13,9,2024
48,17,M002,Mobiliário,b1d484ee-5292-4a5d-9b07-4da62d6b2932,53.235398230088485,Autumn,2024-08-05,Filial B,5,8,2024
49,5,V002,Vestuário,32aeab9e-57d2-496a-8a67-1d24d42fd553,77.30265486725663,Alexandra,2024-07-29,Filial B,29,7,2024
50,3,AL002,Alimento,1b8593b9-1dc4-4b15-b68b-2db3c61d8c7e,79.81238938053097,Jim,2024-09-27,Filial B,27,9,2024
51,16,V004,Vestuário,863a7d44-08a5-47a3-8940-ddc7398df15e,47.14867256637167,Kevin,2024-05-02,Filial B,2,5,2024
52,7,B004,Eletrônico,4c36d218-3164-40b9-8f32-f1725d82a6dd,59.672566371681405,Michael,2024-04-12,Filial B,12,4,2024
53,16,V001,Vestuário,0a0197e3-7ca8-46ac-8328-715a317c5661,48.21769911504425,Paul,2024-07-31,Filial B,31,7,2024
54,18,B003,Eletrônico,6fe96f75-1c30-4ff5-aa49-e8649e8056c0,26.04424778761062,Jacob,2024-08-03,Filial B,3,8,2024
55,18,AL004,Alimento,2e4e2a34-5078-4c97-bd78-d53e505d764f,34.3787610619469,Jeffrey,2024-03-06,Filial B,6,3,2024
56,19,AL003,Alimento,54dfca9d-c63a-456b-b3b9-cd22755b8d87,46.752212389380524,Misty,2024-10-06,Filial B,6,10,2024
57,10,B003,Eletrônico,a1fc2fb7-7185-43e6-ad70-76a2f061ba8a,27.093805309734513,John,2024-07-02,Filial B,2,7,2024
58,7,M002,Mobiliário,07942835-ec25-4f45-bf85-110eddb9c650,60.03539823008849,Joshua,2024-04-03,Filial B,3,4,2024
59,16,AL003,Alimento,38887e51-483c-4914-9930-250355b3cd54,60.716814159292035,Sandra,2024-02-14,Filial B,14,2,2024
60,16,AL001,Alimento,22d804eb-395c-4ad9-aa8a-e3796b72a128,9.191150442477875,Alexis,2024-02-10,Filial B,10,2,2024
61,2,B003,Eletrônico,b9424ba7-0c43-4f68-92b0-e6fe08664598,65.32035398230089,Randy,2024-03-20,Filial B,20,3,2024
62,2,V001,Vestuário,32c16342-8dfb-4371-85b8-1ed0339ae978,59.030088495575214,Sandra,2024-04-01,Filial B,1,4,2024
63,18,M003,Mobiliário,513d0f5a-5723-4af5-ba36-db5a467c85b5,18.012389380530973,Janet,2024-03-28,Filial B,28,3,2024
64,11,AL004,Alimento,6afa82c4-a84d-44da-b420-a197d071d765,77.9787610619469,Thomas,2024-04-03,Filial B,3,4,2024
65,20,B001,Eletrônico,d454ca5d-06f4-48d6-88dc-78b59fc77708,71.77345132743362,Misty,2024-06-19,Filial B,19,6,2024
66,15,M004,Mobiliário,7e97aaa4-7b85-4c8a-b165-3481b7a3ba59,51.49557522123893,Amanda,2024-06-12,Filial B,12,6,2024
67,8,M001,Mobiliário,167621ab-9e2e-4936-87d9-07db761d6526,24.709734513274338,Raymond,2024-05-25,Filial B,25,5,2024
68,9,AL004,Alimento,40ef1c8d-477a-434d-b298-e455faa85b6e,46.881415929203534,Heidi,2024-06-16,Filial B,16,6,2024
69,17,V003,Vestuário,34487111-6b27-442b-8a09-8be12682a564,61.83185840707964,Johnny,2024-01-05,Filial B,5,1,2024
70,17,V002,Vestuário,9df34e47-de00-4949-a202-31fdcd12ad54,15.748672566371681,Melissa,2024-03-01,Filial B,1,3,2024
71,13,M001,Mobiliário,5599665f-4672-4b61-99be-75d7dc8e2e22,66.9929203539823,Kristina,2024-10-04,Filial B,4,10,2024
72,13,M002,Mobiliário,0de97755-741f-4af4-a28f-56fe98fe56cc,43.877876106194684,Larry,2024-05-14,Filial B,14,5,2024
73,8,M004,Mobiliário,299eedc4-aac2-44fd-a56f-e9ba137e3816,31.09734513274336,Ronald,2024-09-25,Filial B,25,9,2024
74,19,V001,Vestuário,08537787-51b6-414a-a516-da4ee2212f9a,78.7504424778761,Stephen,2024-01-19,Filial B,19,1,2024
75,19,AL003,Alimento,ffb96189-a253-47de-b71e-f4329006488a,61.424778761061944,Jon,2024-04-17,Filial B,17,4,2024
76,9,V002,Vestuário,dbe641de-96b4-4335-ad91-fb262e2a9528,61.070796460176986,Maria,2024-05-03,Filial B,3,5,2024
77,15,M001,Mobiliário,992e0909-7741-4ca3-b496-82089ac649ff,79.33274336283186,Courtney,2024-08-01,Filial B,1,8,2024
78,4,V003,Vestuário,d5696cfe-21dd-4710-8a5b-168a380e423c,24.536283185840706,Patricia,2024-03-13,Filial B,13,3,2024
79,19,B001,Eletrônico,3ebd764c-ce8b-4ebc-a91d-3e5d6d679426,78.5362831858407,Kaitlyn,2024-04-16,Filial B,16,4,2024
80,19,V003,Vestuário,8ce73532-d338-4f3a-ae70-7625d0ab8718,79.45132743362831,Debbie,2024-09-01,Filial B,1,9,2024
81,13,AL002,Alimento,2d1a5d86-b236-42b7-870f-426de8d00345,9.44424778761062,Roger,2024-02-20,Filial B,20,2,2024
82,11,V002,Vestuário,885c83dc-a2e7-4c4a-9770-5f2a966f0b7c,78.47079646017698,Jocelyn,2024-05-25,Filial B,25,5,2024
83,16,AL003,Alimento,c36bb232-177a-498e-ac30-719359edd2b1,48.46371681415929,Edward,2024-01-13,Filial B,13,1,2024
84,9,M002,Mobiliário,3c40f3f7-c177-4431-9ef3-42e226f0564b,43.640707964601766,Alejandro,2024-02-15,Filial B,15,2,2024
85,4,B002,Eletrônico,08204826-4230-4b99-bde5-27e4e6e62a29,42.968141592920354,Alexander,2024-05-02,Filial B,2,5,2024
86,4,AL003,Alimento,5fde2e4e-1ab3-488a-baca-75b48cd381b5,85.2654867256637,Dominic,2024-09-03,Filial B,3,9,2024
87,5,B001,Eletrônico,aa800884-dab1-4459-8e76-af76afbaa026,56.690265486725664,Leah,2024-04-06,Filial B,6,4,2024
88,1,B003,Eletrônico,52780c24-e363-4fda-a12f-99f47192c3b2,65.65486725663716,Anne,2024-09-22,Filial B,22,9,2024
89,5,M004,Mobiliário,6a0506da-4338-494a-a502-e626a08bc666,72.63185840707965,Amanda,2024-05-31,Filial B,31,5,2024
90,1,AL004,Alimento,da65b5ba-1612-4b00-875a-a60f3203c53f,29.123893805309734,Kristen,2024-09-11,Filial B,11,9,2024
91,1,AL003,Alimento,3991064a-77e9-429c-8188-2351a6004ece,86.93628318584071,Rachel,2024-06-09,Filial B,9,6,2024
92,6,M002,Mobiliário,0c4da7c4-41c8-4dfe-a091-3632d893cbaf,63.03539823008849,Thomas,2024-07-05,Filial B,5,7,2024
93,2,AL002,Alimento,c15f5cc6-58d2-4831-8c68-7459101b3fd4,24.472566371681417,Teresa,2024-09-22,Filial B,22,9,2024
94,3,M003,Mobiliário,0a2a3e14-2c19-4bcf-8396-b254d2aae141,68.31504424778761,Heather,2024-01-08,Filial B,8,1,2024
95,8,AL001,Alimento,c6ba2af2-4c1b-4c42-8c07-17708946b17a,79.95575221238937,Michael,2024-06-09,Filial B,9,6,2024
96,13,V002,Vestuário,b25f0eda-918c-457f-a392-3e630f471c94,60.716814159292035,Rachel,2024-01-22,Filial B,22,1,2024
97,7,V001,Vestuário,20586e8d-ca19-45c8-8db4-4376c160f9c1,31.911504424778762,Diane,2024-03-12,Filial B,12,3,2024
98,2,AL003,Alimento,f27c6a8e-1781-4990-938d-d8d0122115fc,49.86725663716814,Carmen,2024-01-02,Filial B,2,1,2024
99,6,B002,Eletrônico,cc7a6a31-cced-4677-a283-dd870c355e28,65.0070796460177,Ronnie,2024-04-13,Filial B,13,4,2024
0,18,V002,Vestuário,e75f6307-b933-425f-b6c5-7b2bb91a7d01,23.073051948051948,Laura,2024-05-08,Filial C,8,5,2024
1,13,M004,Mobiliário,856eaba3-93ad-46ec-b0de-8e1c4481d82b,12.178571428571427,Eric,2024-07-07,Filial C,7,7,2024
2,18,M002,Mobiliário,2e8f7e95-5108-4c34-ad37-9d58a424aebf,3.154220779220779,Amber,2024-06-18,Filial C,18,6,2024
3,10,M001,Mobiliário,ea9ed14d-5eac-4e2b-8a89-e37b301fdc9d,23.892857142857142,Terry,2024-05-02,Filial C,2,5,2024
4,8,C003,Eletrônico,3fd8abb0-72b3-419e-82e4-55abd58a87a9,17.251623376623375,Jeanette,2024-07-21,Filial C,21,7,2024
5,11,M001,Mobiliário,ae14d44a-4772-4c42-94dc-0e4950c60244,16.704545454545457,Brian,2024-10-05,Filial C,5,10,2024
6,8,AL003,Alimento,f5dce7be-3899-4f28-bcff-da5f3a7a22c5,4.150974025974026,Wendy,2024-07-29,Filial C,29,7,2024
7,3,M004,Mobiliário,0812ef44-baf1-4a63-976b-fec8b383af83,6.439935064935065,Kayla,2024-01-01,Filial C,1,1,2024
8,17,AL002,Alimento,f09cb38a-898b-40e4-89e0-3072818c4f1e,6.663961038961038,Brad,2024-02-15,Filial C,15,2,2024
9,14,C002,Eletrônico,1aede52c-7a32-487c-9990-719a3558da71,3.814935064935065,Christine,2024-10-07,Filial C,7,10,2024
10,3,AL001,Alimento,d031c467-26d6-43a5-a537-8861281e696a,19.178571428571427,Lauren,2024-05-01,Filial C,1,5,2024
11,3,AL002,Alimento,f40e3706-eeda-4c86-abe5-84d6c59eb484,15.998376623376622,Jeremy,2024-04-19,Filial C,19,4,2024
12,2,AL002,Alimento,a0673077-8493-4ae8-b843-6c5fe1766b15,1.8133116883116882,Charles,2024-09-23,Filial C,23,9,2024
13,16,AL001,Alimento,a72b2bc8-17bc-4383-857c-3a38cee45efa,22.344155844155843,Peter,2024-08-29,Filial C,29,8,2024
14,14,AL003,Alimento,06381c2b-3738-4dee-b2c1-c1ac20da8b0f,3.1103896103896105,John,2024-02-18,Filial C,18,2,2024
15,14,M002,Mobiliário,f59ff9a2-756d-4f40-bbd6-0fbafa6eb93b,16.157467532467532,David,2024-01-21,Filial C,21,1,2024
16,17,M001,Mobiliário,d40fada9-9855-48ea-9b55-1928ddbf72b2,19.064935064935064,Jason,2024-06-24,Filial C,24,6,2024
17,9,C002,Eletrônico,67ad54b7-4253-4cd7-bbd2-d67a9e91ed9d,15.46590909090909,Lisa,2024-07-15,Filial C,15,7,2024
18,5,AL002,Alimento,0956e02a-764f-4143-ad2d-0eae27e83bcc,18.780844155844154,Stephanie,2024-06-06,Filial C,6,6,2024
19,2,C004,Eletrônico,60096685-3a83-4d59-8dbe-a486ca27bfdc,23.978896103896105,Lisa,2024-02-12,Filial C,12,2,2024
20,5,M004,Mobiliário,bc75fdc5-679e-4f58-9793-55f6df903864,9.001623376623376,Diana,2024-03-02,Filial C,2,3,2024
21,12,AL004,Alimento,6e4c71b0-2875-41d4-b970-6e2579331355,17.87987012987013,Christopher,2024-08-23,Filial C,23,8,2024
22,11,V004,Vestuário,f45ddd02-33bc-429a-a753-5710100ef424,22.55681818181818,Tracy,2024-06-15,Filial C,15,6,2024
23,14,AL004,Alimento,17a47080-7e51-48b9-9f74-b748d5f59093,20.09577922077922,Peter,2024-04-13,Filial C,13,4,2024
24,13,V001,Vestuário,b773dc51-d42d-4152-8a41-f2c5be3bb6a8,5.337662337662338,Richard,2024-08-08,Filial C,8,8,2024
25,2,AL003,Alimento,b917a048-b7df-4174-863e-9dacc0a4f295,4.917207792207792,Richard,2024-09-05,Filial C,5,9,2024
26,1,AL003,Alimento,61cabc90-6dd7-40f7-bac4-006feb2b3d1b,10.753246753246753,Roberto,2024-07-09,Filial C,9,7,2024
27,8,M004,Mobiliário,6a1c5385-2e91-460a-b7ab-739a6182310b,12.386363636363635,Todd,2024-01-05,Filial C,5,1,2024
28,15,AL004,Alimento,cb72f49f-8fe3-4a97-ab08-6a0c09c69be7,2.219155844155844,Timothy,2024-09-08,Filial C,8,9,2024
29,11,AL001,Alimento,672802a2-b639-40f1-993b-75a862fea540,17.00974025974026,Kevin,2024-07-26,Filial C,26,7,2024
30,16,C001,Eletrônico,0636a18c-4da9-432a-bef8-0f5cdbe92b1d,16.51461038961039,Traci,2024-07-05,Filial C,5,7,2024
31,3,V004,Vestuário,722d4370-876d-4f7e-ab74-afe65de817c5,16.36201298701299,Samuel,2024-10-03,Filial C,3,10,2024
32,2,M003,Mobiliário,f2f9bb6e-f535-4719-9a23-c8352d022452,9.857142857142856,Tracy,2024-08-22,Filial C,22,8,2024
33,17,M001,Mobiliário,cd6fba26-32bb-4da5-a092-0c2c7e4ecaa0,19.074675324675326,Travis,2024-04-01,Filial C,1,4,2024
34,4,M004,Mobiliário,25825333-296f-42cf-b7dd-185c69176325,3.301948051948052,Holly,2024-04-03,Filial C,3,4,2024
35,11,M004,Mobiliário,533a8b9f-ac3a-4623-a103-65b2ea431208,6.527597402597403,Catherine,2024-05-23,Filial C,23,5,2024
36,12,M002,Mobiliário,a47389d0-199e-452a-8d2f-b9f40ad3ae23,7.009740259740259,Gregory,2024-07-12,Filial C,12,7,2024
37,3,C002,Eletrônico,71a1109a-673e-48ff-979e-e0dd85aac64f,4.319805194805195,Kathleen,2024-03-16,Filial C,16,3,2024
38,1,M001,Mobiliário,16bd1d0b-4530-445e-807e-a07af9750688,14.435064935064934,Eric,2024-08-12,Filial C,12,8,2024
39,11,M001,Mobiliário,21d2a585-86ac-4bc9-bd90-ef843fa83207,19.25811688311688,Christina,2024-07-03,Filial C,3,7,2024
40,8,V001,Vestuário,a64ca32a-57b7-4f10-b2a6-47b9f3845774,3.8636363636363638,Kyle,2024-07-07,Filial C,7,7,2024
41,5,M002,Mobiliário,589aa5d6-195c-47b9-84b5-82c2280913bc,5.373376623376624,Robert,2024-04-23,Filial C,23,4,2024
42,1,M002,Mobiliário,645c6d1c-526d-475b-b7f4-c43d157b1294,9.699675324675324,Gabriel,2024-05-04,Filial C,4,5,2024
43,13,C003,Eletrônico,0c2ed42d-2e04-4c39-934d-9e2984dedb58,8.37987012987013,Ashley,2024-08-18,Filial C,18,8,2024
44,5,M004,Mobiliário,480a31ce-1329-4798-8423-c03a941c47b7,4.728896103896104,Sara,2024-01-23,Filial C,23,1,2024
45,1,C004,Eletrônico,4007517d-565f-4404-9257-dc298f91a864,23.655844155844154,Denise,2024-08-23,Filial C,23,8,2024
46,14,M003,Mobiliário,5e3cf050-9891-494f-878b-adef915584a6,21.628246753246753,Tony,2024-08-06,Filial C,6,8,2024
47,7,M004,Mobiliário,740f43de-451d-43b4-a99f-1b81ad5e0557,21.152597402597404,Jonathan,2024-07-06,Filial C,6,7,2024
48,15,AL001,Alimento,cc3bff0d-1a24-41fb-8b88-9e3e33ba1710,7.8685064935064934,Michael,2024-02-16,Filial C,16,2,2024
49,10,AL004,Alimento,ca09b7ea-ce71-4d1c-a980-e0eaa465c825,10.219155844155845,Emily,2024-04-09,Filial C,9,4,2024
50,6,C002,Eletrônico,860b4e38-ac10-43e3-a7fa-f34650be8081,11.2012987012987,Sergio,2024-08-31,Filial C,31,8,2024
51,6,V004,Vestuário,8e9505f4-7513-4a5f-83ab-dc02dbd104ea,9.222402597402597,Jason,2024-05-09,Filial C,9,5,2024
52,3,V002,Vestuário,7e317e84-05b6-47b3-95c7-f55646b92040,5.688311688311688,Natalie,2024-02-07,Filial C,7,2,2024
53,1,M004,Mobiliário,9ee1fd74-be87-435d-8c2f-300fff1abbbb,7.352272727272727,Matthew,2024-06-03,Filial C,3,6,2024
54,12,V002,Vestuário,69196874-e93e-44da-912a-cb5a11f9cde2,7.077922077922078,Joshua,2024-05-26,Filial C,26,5,2024
55,3,C004,Eletrônico,ed6c1acc-6afb-4829-9881-c051484f2982,10.311688311688313,Joshua,2024-02-11,Filial C,11,2,2024
56,19,AL001,Alimento,3652f649-f8bc-48c2-924a-161720a0b2ea,17.842532467532468,Alexandra,2024-05-16,Filial C,16,5,2024
57,10,V002,Vestuário,5f5a14d8-a5a0-4a9e-8da0-5299efe58630,11.673701298701298,Kyle,2024-04-04,Filial C,4,4,2024
58,7,C002,Eletrônico,9712c493-9654-4972-a213-4fe07ab97b5a,6.0892857142857135,Teresa,2024-03-01,Filial C,1,3,2024
59,9,AL003,Alimento,f69da58c-b462-47c0-af22-7ff543e330b3,8.78896103896104,Alan,2024-04-18,Filial C,18,4,2024
60,5,C003,Eletrônico,0908a286-f1ec-4d4d-8b4b-dbcfadd853c9,11.391233766233766,Keith,2024-01-03,Filial C,3,1,2024
61,1,V002,Vestuário,9f1bb6de-54c5-45ad-adc6-78430b72017c,8.612012987012987,Eric,2024-02-25,Filial C,25,2,2024
62,16,AL001,Alimento,4f89918a-ae74-4d75-a6aa-035788f47fdd,1.8733766233766231,David,2024-02-27,Filial C,27,2,2024
63,14,AL001,Alimento,996e1e14-fed6-43d2-8397-67b0244aae1b,15.730519480519481,Linda,2024-08-22,Filial C,22,8,2024
64,15,V001,Vestuário,f7c5b23f-ac89-4e3e-95c9-75d2f9cfad90,14.48538961038961,Jennifer,2024-02-09,Filial C,9,2,2024
65,7,V003,Vestuário,a3d64cca-a658-4940-a8d6-480bf24bfcdc,16.91883116883117,Jeremy,2024-07-31,Filial C,31,7,2024
66,1,AL002,Alimento,725b38fd-5a2c-433b-bdd4-266cbb360c8c,16.392857142857142,Lisa,2024-01-26,Filial C,26,1,2024
67,15,M001,Mobiliário,7cb6ed0a-c4dc-4df2-9d02-f87baaf05a19,5.040584415584416,Mary,2024-01-20,Filial C,20,1,2024
68,6,M004,Mobiliário,e4070584-38b3-45aa-a96e-4a3b0040a2f3,8.24025974025974,Mikayla,2024-09-30,Filial C,30,9,2024
69,2,M002,Mobiliário,b3d40eba-a9f8-49ab-bcbd-a271a169c12b,6.136363636363636,Elizabeth,2024-05-15,Filial C,15,5,2024
70,3,C001,Eletrônico,67e16690-e722-4473-a49c-c1f54e2ec268,18.74512987012987,Ashley,2024-04-22,Filial C,22,4,2024
71,6,M002,Mobiliário,3de98283-4b43-4eeb-a3f7-b594b7628eb1,18.180194805194805,Jamie,2024-01-25,Filial C,25,1,2024
72,6,C004,Eletrônico,6b418799-078f-40c3-8a27-20e6e6b1a4f4,3.314935064935065,Laura,2024-07-03,Filial C,3,7,2024
73,20,C001,Eletrônico,8fe6b7fe-2dad-4b74-8752-a9195699db1e,4.467532467532467,Nicole,2024-08-27,Filial C,27,8,2024
74,16,M001,Mobiliário,ae740b1c-f3b3-4ca7-bf0c-efd4e689b7ad,15.650974025974024,Kenneth,2024-08-02,Filial C,2,8,2024
75,3,C004,Eletrônico,232684ef-6565-4767-b206-d6fd197a3e3c,14.586038961038959,Eric,2024-01-22,Filial C,22,1,2024
76,3,AL001,Alimento,79f4ecda-5c78-42e3-bb56-4dd7780e6113,2.9902597402597406,Craig,2024-08-23,Filial C,23,8,2024
77,13,AL001,Alimento,7bef7b1f-2157-4c7a-8abc-0c2cce36fa3c,15.941558441558442,Kristin,2024-03-21,Filial C,21,3,2024
78,2,M001,Mobiliário,7de9978a-0baf-43da-bdc1-9149f698835d,7.693181818181818,Jerry,2024-08-11,Filial C,11,8,2024
79,16,M002,Mobiliário,1e8f4051-478f-46d1-8f77-287d8e741159,24.1801948051948,Steven,2024-07-08,Filial C,8,7,2024
80,10,C001,Eletrônico,5ef60c86-91f0-4b13-a348-f3942763bc47,14.162337662337661,Kelsey,2024-02-13,Filial C,13,2,2024
81,11,AL003,Alimento,8c219a46-65d0-45fa-8c7d-1acb6da83e93,20.824675324675326,Tommy,2024-01-26,Filial C,26,1,2024
82,18,M001,Mobiliário,77e0f354-d302-4d01-9b6d-5ba020c9ff35,15.709415584415584,Jennifer,2024-10-09,Filial C,9,10,2024
83,18,C004,Eletrônico,10081b83-15c8-4720-9cb0-3b7e11c783ed,16.74512987012987,Valerie,2024-06-28,Filial C,28,6,2024
84,9,AL003,Alimento,f28f1cc7-fb5f-403d-9511-210a741e823c,5.548701298701299,Terry,2024-07-28,Filial C,28,7,2024
85,11,AL003,Alimento,ca87469d-e2f3-4c4f-b08d-c4ecc66ad111,14.988636363636363,Amanda,2024-05-26,Filial C,26,5,2024
86,7,M001,Mobiliário,01527ae6-d3da-4e23-853e-63fc2b65488d,17.719155844155846,Jennifer,2024-07-23,Filial C,23,7,2024
87,13,V004,Vestuário,3511f30c-3763-4a0e-9662-56433dffc8fa,12.733766233766232,Christie,2024-06-24,Filial C,24,6,2024
88,9,AL004,Alimento,00537c6e-803d-4dc3-bc3e-7047fe59d41b,8.306818181818182,Danielle,2024-06-02,Filial C,2,6,2024
89,19,AL003,Alimento,62ae13a8-3ac9-412f-9a77-a3f1b1974429,7.165584415584416,Tyrone,2024-08-20,Filial C,20,8,2024
90,13,M004,Mobiliário,2a0c1b84-b068-49b7-9ebb-65e6995b7e53,4.1477272727272725,Tina,2024-09-18,Filial C,18,9,2024
91,11,C003,Eletrônico,2092ab19-c159-43d5-908e-124cfde26290,13.741883116883118,Joshua,2024-09-29,Filial C,29,9,2024
92,2,AL003,Alimento,c5cc5c8c-329d-460f-99a3-39b0ba9cfff9,8.334415584415584,John,2024-04-15,Filial C,15,4,2024
93,10,C001,Eletrônico,dc687f17-bccb-45ba-9e71-ebf6090abecf,3.8360389610389607,Renee,2024-03-21,Filial C,21,3,2024
94,1,M004,Mobiliário,ca18ca79-78b5-4f88-a60d-f2e7835cce6c,12.21103896103896,Melinda,2024-06-06,Filial C,6,6,2024
95,2,M001,Mobiliário,dfa37015-d2d3-4f88-8c27-df875b5eb6d4,8.761363636363637,Danielle,2024-08-14,Filial C,14,8,2024
96,17,C001,Eletrônico,5bb5b252-6e93-477f-924c-4010b964da14,14.123376623376624,Julie,2024-01-30,Filial C,30,1,2024
97,12,M003,Mobiliário,5d36e47c-b28b-468e-835c-8305d3ca7e27,6.842532467532467,Maureen,2024-01-27,Filial C,27,1,2024
98,13,V004,Vestuário,79dba83b-9525-4fee-b37c-6ea553389b57,15.868506493506493,Jon,2024-04-01,Filial C,1,4,2024
99,17,M004,Mobiliário,e45588e9-8b26-4fc0-8fda-f30dbadca4bf,13.493506493506494,Kevin,2024-02-28,Filial C,28,2,2024
